{
  "fold_results": [
    {
      "fold": 1,
      "n_train": 111,
      "n_test": 38,
      "test_subjects": [
        "co2a0000365",
        "co2a0000369",
        "co2a0000372",
        "co2c0000337"
      ],
      "accuracy": 0.13157894736842105,
      "f1": 0.1951219512195122,
      "precision": 0.3076923076923077,
      "recall": 0.14285714285714285,
      "roc_auc": 0.09999999999999996,
      "best_params": {
        "svm__C": 0.01,
        "svm__kernel": "linear"
      },
      "y_test": [
        1,
        1,
        1,
        1,
        1,
        1,
        1,
        1,
        1,
        1,
        1,
        1,
        1,
        1,
        1,
        1,
        1,
        1,
        1,
        1,
        1,
        1,
        1,
        1,
        1,
        1,
        1,
        1,
        0,
        0,
        0,
        0,
        0,
        0,
        0,
        0,
        0,
        0
      ],
      "y_pred": [
        0,
        0,
        0,
        0,
        0,
        1,
        0,
        0,
        0,
        0,
        0,
        0,
        0,
        0,
        0,
        0,
        0,
        0,
        0,
        1,
        0,
        0,
        1,
        0,
        0,
        0,
        0,
        1,
        1,
        1,
        1,
        1,
        1,
        1,
        1,
        0,
        1,
        1
      ],
      "y_proba": [
        0.4780698028994379,
        0.0041012327930224635,
        0.013807074170846208,
        0.3483057961507612,
        0.0724582522209326,
        0.8952325027684165,
        0.39526116872570705,
        0.5116168039066871,
        0.2762813179297833,
        0.19501081760638447,
        0.18500499810669538,
        0.15626783625933216,
        0.24403371102913968,
        0.1687498941659596,
        0.048630606367264594,
        0.0031208892719667676,
        0.4242809690389166,
        0.16872609354754114,
        0.05339909589219892,
        0.6923503722337206,
        0.30971161254299684,
        0.508646286733945,
        0.5775861764962184,
        0.21060469684975724,
        0.013563862208395077,
        0.16861356591820495,
        0.41132068689824386,
        0.5446702579034476,
        0.9750808846766704,
        0.9745100205011001,
        0.8808011401676751,
        0.9581671716303041,
        0.9892458341452706,
        0.9942799782720607,
        0.999987344663667,
        0.013938637011683014,
        0.5702604190253852,
        0.9796483808564388
      ]
    },
    {
      "fold": 2,
      "n_train": 112,
      "n_test": 37,
      "test_subjects": [
        "co2a0000370",
        "co2c0000338",
        "co2c0000339",
        "co2c0000341"
      ],
      "accuracy": 0.24324324324324326,
      "f1": 0.391304347826087,
      "precision": 0.24324324324324326,
      "recall": 1.0,
      "roc_auc": 0.8809523809523809,
      "best_params": {
        "svm__C": 0.01,
        "svm__kernel": "rbf"
      },
      "y_test": [
        1,
        1,
        1,
        1,
        1,
        1,
        1,
        1,
        1,
        0,
        0,
        0,
        0,
        0,
        0,
        0,
        0,
        0,
        0,
        0,
        0,
        0,
        0,
        0,
        0,
        0,
        0,
        0,
        0,
        0,
        0,
        0,
        0,
        0,
        0,
        0,
        0
      ],
      "y_pred": [
        1,
        1,
        1,
        1,
        1,
        1,
        1,
        1,
        1,
        1,
        1,
        1,
        1,
        1,
        1,
        1,
        1,
        1,
        1,
        1,
        1,
        1,
        1,
        1,
        1,
        1,
        1,
        1,
        1,
        1,
        1,
        1,
        1,
        1,
        1,
        1,
        1
      ],
      "y_proba": [
        0.6192872886486158,
        0.6673486458880674,
        0.6681027506162616,
        0.7026696888841455,
        0.7001031983104828,
        0.743788472186148,
        0.6936019339791866,
        0.7042821631458207,
        0.7065751978543485,
        0.5593251844294386,
        0.6826449341608265,
        0.40820382130218275,
        0.5226755914570687,
        0.36561053036630664,
        0.5,
        0.4760487736779286,
        0.6929459295468513,
        0.3416775053565184,
        0.5755810261398154,
        0.2019850383961356,
        0.663136176385657,
        0.28147166839429383,
        0.42256923359066983,
        0.6857330917464831,
        0.5735492668697805,
        0.3511654341844386,
        0.7488384812207173,
        0.3772898274360435,
        0.4524307653155523,
        0.4249229225939797,
        0.5962770980975833,
        0.6966122359750127,
        0.6974910756095054,
        0.21278645051064776,
        0.6885847982519074,
        0.5919248852618696,
        0.5487926366939834
      ]
    },
    {
      "fold": 3,
      "n_train": 112,
      "n_test": 37,
      "test_subjects": [
        "co2a0000364",
        "co2a0000371",
        "co2c0000340",
        "co2c0000345"
      ],
      "accuracy": 0.7567567567567568,
      "f1": 0.8,
      "precision": 0.6923076923076923,
      "recall": 0.9473684210526315,
      "roc_auc": 0.9590643274853801,
      "best_params": {
        "svm__C": 1.0,
        "svm__kernel": "linear"
      },
      "y_test": [
        1,
        1,
        1,
        1,
        1,
        1,
        1,
        1,
        1,
        1,
        1,
        1,
        1,
        1,
        1,
        1,
        1,
        1,
        1,
        0,
        0,
        0,
        0,
        0,
        0,
        0,
        0,
        0,
        0,
        0,
        0,
        0,
        0,
        0,
        0,
        0,
        0
      ],
      "y_pred": [
        0,
        1,
        1,
        1,
        1,
        1,
        1,
        1,
        1,
        1,
        1,
        1,
        1,
        1,
        1,
        1,
        1,
        1,
        1,
        0,
        0,
        0,
        0,
        1,
        1,
        1,
        1,
        0,
        0,
        1,
        0,
        0,
        0,
        1,
        0,
        1,
        1
      ],
      "y_proba": [
        0.39560670196071335,
        0.9999897978339163,
        0.9999999999922871,
        0.9790004502241477,
        0.9931392884535554,
        0.9999997734822873,
        0.999999469611727,
        0.9999999987914322,
        0.9999996476854575,
        0.9913095418575232,
        0.9999999999999699,
        0.9999999999999699,
        0.9999999999999699,
        0.9999999999999699,
        0.9999999999999699,
        0.9999999999999699,
        0.9999999999999699,
        0.9999999999999699,
        0.9999999999999699,
        0.09301851436657016,
        0.26101398990774494,
        0.05086918373555619,
        0.3551373731303297,
        0.992898852866455,
        0.9833906877436234,
        0.9134936262746784,
        0.9938407196679387,
        0.037593449476693484,
        0.18076350922133055,
        0.6372623575615664,
        0.015507725748630045,
        0.31330607522005616,
        0.009720038084190991,
        0.7642180197823777,
        0.3511959918276261,
        0.6190105351716622,
        0.762100081300686
      ]
    },
    {
      "fold": 4,
      "n_train": 112,
      "n_test": 37,
      "test_subjects": [
        "co2a0000368",
        "co2a0000375",
        "co2c0000342",
        "co2c0000344"
      ],
      "accuracy": 0.43243243243243246,
      "f1": 0.3225806451612903,
      "precision": 0.4166666666666667,
      "recall": 0.2631578947368421,
      "roc_auc": 0.39473684210526316,
      "best_params": {
        "svm__C": 1.0,
        "svm__kernel": "linear"
      },